업체,우리품명,업체코드,업체품명,업체단가,9월거래횟수
정희화학,JH 미니사각찜 밀폐 2319 공용 200개---뚜껑만,0000006004,밀폐2319뚜껑,93,3
정희화학,JH 감자탕 특대 200개---몸통만,0000003745,탕특대용기(240파이),210,3
정희화학,JH 감자탕 특대 200개---뚜껑만,0000003746,탕특대뚜껑(240파이),110,3
정희화학,JH 68파이 소 화이트 3000 SET,0000008897,68파이소셋/백색/3000셋,13.1,3
정희화학,JH 신형 105파이 대 화이트 1000 SET,0000003666,105파이대셋/백색/1000셋트,49,3
정희화학,JH 샐러드 201 202 공용 1000개----뚜껑만,0000007872,"★신밀폐201,202뚜껑",24,2
정희화학,JH 샐러드 201 투명 1000개----몸통만,0000007885,★신밀폐201/투명,27,2
정희화학,JH 사각찜 J2 소 100개---몸통만,0000007318,사각찜소/백색/100개입,160,2
정희화학,JH 감자탕 왕대 100 SET,0000001372,탕왕대셋트/270파이,485,2
정희화학,JH 실링 23195 화이트 600개,0000001388,23195/백색,84,2
정희화학,JH 실링 23197 블랙 600개,0000000587,23197/검정,102,2
정희화학,JH 실링 23186 (84호) 블랙 500개,0000000942,84호/검정,97,2
정희화학,JH 사각찜 공용 100개---뚜껑만,0000007309,사각찜뚜껑/100개입,128,2
정희화학,JH 샐러드 202 투명 1000개----몸통만,0000007886,★신밀폐202/투명,27,2
정희화학,JH 실링 1494 (5호) 2400개,0000000062,5호/백색,27,2
정희화학,JH 신형 105파이 중 화이트 1000 SET,0000003549,105파이중셋/백색/1000셋트,42.5,2
정희화학,JH 신형 75파이 대 화이트 3000개---몸통만,0000000088,"75파이대/백색(3번,70M)",20,2
정희화학,JH 샐러드 203 204 공용 600개----뚜껑만,0000010018,"신밀폐203,204뚜껑",37,2
정희화학,JH 0601 돈까스도시락 200 SET,0000007880,0601돈까스셋트,164,1
정희화학,JH 9193 돈까스도시락 200 SET,0000005505,9193돈까스,170,1
정희화학,JH 실링 2318 (70호) 뚜껑 600개,0000003502,2318뚜껑(70호뚜껑),72,1
정희화학,JH 실링 23185 (70호) 블랙 600개,0000000581,70호/검정,85,1
정희화학,JH 68파이 소 블랙 3000 SET,0000008919,68파이소셋/검정/3000셋,13.1,1
정희화학,JH 실링 23189 (71호) 블랙 400개,0000000977,71호/검정,112,1
정희화학,JH 실링 1493-2B (6-2호) 2400개,0000000460,6-2호/백색,21,1
정희화학,JH 실링 23189 (71호) 화이트 400개,0000000344,71호/백색,112,1
정희화학,JH 반죽사각 300 - 600개---몸통만,0000003910,사각반죽300/원색,37,1
정희화학,JH 158파이 삼계탕 공용 400개---뚜껑만,0000010401,신삼계뚜껑,45,1
정희화학,JH 92파이 국내 PET 돔리드 1000개,0000002305,돔뚜껑(92파이),11,1
정희화학,JH 실링 191490 (1호) 화이트 800개,0000006567,1914-1/백색,75,1
정희화학,JH 실링 191490 (1호) 블랙 800개,0000006583,1914-1/검정,75,1
정희화학,JH 실링 신 191430 (3-5호) 화이트 1200개,0000007524,신3-5호/백색,36,1
정희화학,JH 실링 신 191440 (3호) 화이트 1200개,0000007541,신3호/백색,40,1
정희화학,JH 타원찜 공용 100개---뚜껑만,0000007265,타원찜뚜껑/100개입,165,1
정희화학,JH 실링 23185 (70호) 화이트 600개,0000000343,70호/백색,85,1
정희화학,JH 소스 105파이 공용 1000개 뚜껑만,0000010356,PP105소셋트뚜껑/백색,14,1
정희화학,JH 샐러드 202 블랙 1000개----몸통만,0000007887,★신밀폐202/검정,26,1
정희화학,JH 실링 1493 (6호) 2400개,0000000064,6호/백색,21,1
정희화학,JH 68파이 특소 화이트 3000 SET,0000009043,68파이특소셋/백색/3000셋,12.3,1
정희화학,JH 사각소스컵 3000개---몸통만,0000000506,사각용기,19,1
정희화학,JH 사각소스컵 3000개---뚜껑만,0000000416,사각뚜껑,10,1
정희화학,JH 사각찜 J3 중 100개---몸통만,0000007327,사각찜중/백색/100개입,180,1
정희화학,JH 실링 1496 (4호) 2400개,0000000060,4호/백색,32,1
정희화학,JH 300파이 원형찜 소 백색 100개 ---몸통만,0000009575,300파이찜소,265,1
정희화학,JH 300파이 원형찜 중 백색 100개 ---몸통만,0000009576,300파이찜중,298,1
정희화학,JH 300파이 원형찜 대 백색 100개 ---몸통만,0000009669,300파이찜대,335,1
정희화학,JH 300파이 원형찜 공용 투명 100개 ---뚜껑만,0000009583,300파이찜뚜껑,195,1
정희화학,JH 샐러드 203 블랙 600개----몸통만,0000010158,신밀폐203/검정,36,1
정희화학,JH 실링 23186 (84호) 화이트 500개,0000000345,84호/백색,97,1
정희화학,JH 신형 75파이 공용 3000개---뚜껑만,0000000090,75파이뚜껑,8.3,1
정희화학,JH 샐러드 203 투명 600개----몸통만,0000010016,신밀폐203/투명,41,1
정희화학,JH 샐러드 204 블랙 600개----몸통만,0000010166,신밀폐204/검정,39,1
정희화학,JH 신형 75파이 소 화이트 3000개---몸통만,0000000089,"75파이소/백색(3-1번,60M)",18.5,1
정희화학,JH 반죽사각 공용 600개---뚜껑만,0000003900,사각반죽뚜껑,23,1
정희화학,JH 실링 23197 화이트 600개,0000000586,23197/백색,102,1
정희화학,JH 실링 23199 블랙 600개,0000001540,23199/검정,117,1
콤콤,BF 220파이 감자탕 공용 200개---뚜껑만,0000005689,FP220파이뚜껑,65,5
콤콤,BF 실링 19155 블랙 900개,0000005848,BF19155/검정,52,3
콤콤,BF 220파이 감자탕 소 백색 200개---몸통만,0000005673,FP220파이소/백색,105,3
콤콤,BF 4칸도시락 200SET,0000006906,신4칸도시락셋,140,3
콤콤,BF 6칸도시락 200SET,0000006875,신6칸도시락셋,140,2
콤콤,BF 실링 191455 (21호) 화이트 800개,0000007665,FP21호/백색,49,2
콤콤,JH 반찬용기 12144 공용 반찬용기 600개---뚜껑만,0000018077,1214뚜껑/600입,26,2
콤콤,JH/BF 225파이 감자탕 공용 200개---뚜껑만,0000005841,BF225파이뚜껑,69,2
콤콤,JH 샐러드 205 206 공용 600개----뚜껑만,0000007112,"205,206뚜껑",37,2
콤콤,BF 죽용기 대 500개---몸통만,0000005748,FP밀폐죽대/원색,76,2
콤콤,BF 죽용기 중 500개---몸통만,0000005747,FP밀폐죽중/원색,66,2
콤콤,JH 반찬용기 12144-4칸 600개---몸통만,0000007135,1214-4칸/백색,41,2
콤콤,CC 190파이 면용기 대 백색 200SET,0000007709,CC면대셋/백색(200set),126,2
콤콤,BF 죽용기 소 500개---몸통만,0000005746,FP밀폐죽소/원색,57,2
콤콤,BF 신형 95파이 공용 2000개---뚜껑만,0000006458,FP95파이뚜껑/2000입,13,2
콤콤,JH 반찬용기 12144 공용 반찬용기 600개---뚜껑만,0000007136,★1214뚜껑,26,1
콤콤,BF 225파이 감자탕 소 200개---몸통만,0000005842,BF225파이소/백색,114,1
콤콤,BF 220파이 감자탕 중 백색 200개---몸통만,0000005672,FP220파이중/백색,125,1
콤콤,BF 죽용기 공용 500개---뚜껑만,0000005750,FP밀폐죽뚜껑/원색,46,1
콤콤,BF 195파이 냉면 소 백색 400개----몸통만,0000005715,FP냉면소/백색/400,71,1
콤콤,BF 220파이 감자탕 대 백색 200개---몸통만,0000005671,FP220파이대/백색,140,1
콤콤,JH 샐러드 206 블랙 600개----몸통만,0000007111,206(검정),42,1
콤콤,BF 실링 19154 화이트 900개,0000005829,BF19154/백색,42,1
콤콤,JH 반찬용기 12144-3칸 블랙 600개---몸통만,0000007139,1214-3칸/검정,41,1
콤콤,JH 반찬용기 12144-4칸 블랙 600개---몸통만,0000007143,1214-4칸/검정,41,1
콤콤,BF 신형 원형반죽 800---뚜껑만,0000006478,FP원형반죽뚜껑,28,1
콤콤,BF 220파이 감자탕 소 블랙 200개---몸통만,0000005677,FP220파이소/검정,105,1
콤콤,JH 샐러드 205 투명 600개----몸통만,0000007108,205(투명),42,1
콤콤,BF 5칸도시락 200SET,0000006905,신5칸도시락셋,140,1
콤콤,BF 하트 2칸용기 블랙 1000 SET,0000007748,하트두칸셋(1000set),32.5,1
콤콤,BF 실링 191470 (2호) 화이트 800개,0000007388,FP2호/백색,57,1
콤콤,JH 샐러드 205 블랙 600개----몸통만,0000007110,205(검정),42,1
콤콤,JH 반찬용기 12144-3칸 600개---몸통만,0000007156,1214-3칸/백색,41,1
콤콤,BF 225파이 감자탕 대 200개---몸통만,0000005846,BF225파이대/백색,146,1
콤콤,BF 실링 191455 (21호) 블랙 800개,0000007666,FP21호/검정,49,1
콤콤,BF 195파이 냉면 (JH 냉면 ) 공용 400개----뚜껑만,0000005717,FP냉면뚜껑/400,47,1
콤콤,CC 195파이 면 (구냉면) 소 백색 200set,0000006670,G냉면소셋/백색(200set),119,1
콤콤,CC 195파이 면 (구냉면) 소 블랙 200set,0000006673,G냉면소셋/검정(200set),119,1
콤콤,CC 190파이 면용기 소 블랙 200SET,0000007707,CC면소셋/검정(200set),116,1
콤콤,BF 죽용기 특대 500개---몸통만,0000005749,FP밀폐죽특대/원색,85,1
콤콤,CC 195파이 면 (구냉면) 대 백색 200set,0000006679,G냉면대셋/백색(200set),136,1
콤콤,BF 실링 19156 블랙 900개,0000005874,BF19156/검정,56,1