업체,쪽,업체품명(단가표),박스수량,종전단가,인상단가,차액,인상률%,동결,업체비고,갈래,원장품명(9월거래),원장코드,우리코드,우리상품명,우리개당별도가,우리개당매입가,상태,매칭근거,종전단가일치
정희화학,1,1호,800,75,75,0,0,동결,,그밖,71호/검정,0000000977,JH2318SL00013,JH 실링 23189 (71호) 블랙 400개,112,123.2,판매중,①배운짝,
정희화학,1,1호,800,75,75,0,0,동결,,그밖,71호/백색,0000000344,JH2318SL00006,JH 실링 23189 (71호) 화이트 400개,112,123.2,판매중,①배운짝,
정희화학,1,21호(두칸),800,57,57,0,0,동결,,그밖,,,MASLJH0005,JH 실링 191455-2B (21호두칸) 화이트 800개,57,62.7,판매중,②이름,O
정희화학,1,21호(두칸),800,57,57,0,0,동결,,그밖,,,JH1914SLB0008,JH 실링 191455-2B (21호두칸) 블랙 800개,57,62.7,판매중,②이름,O
정희화학,1,2-1호(2칸),800,57,57,0,0,동결,,소분,,,JH1914SLSB_1005,JH 실링 191455-2A (2-1호2칸) 화이트 (100*1팩) 100개--/소분,57,62.7,판매중,②이름,O
정희화학,1,2-1호(2칸),800,57,57,0,0,동결,,소분,,,JH1914SLSB__B1005,JH 실링 191455-2A (2-1호2칸) 블랙 (100*1팩) 100개--/소분,57,62.7,판매중,②이름,O
정희화학,1,2-1호(2칸),800,57,57,0,0,동결,,소분,,,JH1914SLB3007,JH 실링 191455-2A (2-1호2칸) 블랙 (100*2팩) 200개--/소분,57,62.7,판매중,②이름,O
정희화학,1,25호,800,49,51,2,4.1,,,그밖,5호/백색,0000000062,MASL0036,JH 실링 1494 (5호) 2400개,27,29.7,판매중,①배운짝,
정희화학,1,신3호,1200,40,41,1,2.5,,,그밖,신3호/백색,0000007541,BF1914SL0002,JH 실링 신 191440 (3호) 화이트 1200개,40,44,판매중,①배운짝+단가확인,O
정희화학,1,신3-5호,1200,36,37,1,2.8,,,그밖,신3-5호/백색,0000007524,BF1914SL0001,JH 실링 신 191430 (3-5호) 화이트 1200개,36,39.6,판매중,①배운짝+단가확인,O
정희화학,1,신3-5호,1200,36,37,1,2.8,,,그밖,5호/백색,0000000062,MASL0036,JH 실링 1494 (5호) 2400개,27,29.7,판매중,①배운짝+단가확인,
정희화학,1,4호,2400,32,33,1,3.1,,,그밖,4호/백색,0000000060,MASL0033,JH 실링 1496 (4호) 2400개,32,35.2,판매중,①배운짝+단가확인,O
정희화학,1,4호,2400,32,33,1,3.1,,,그밖,84호/검정,0000000942,JH2318SL00012,JH 실링 23186 (84호) 블랙 500개,97,106.7,판매중,①배운짝+단가확인,
정희화학,1,4호,2400,32,33,1,3.1,,,그밖,84호/백색,0000000345,JH2318SL00005,JH 실링 23186 (84호) 화이트 500개,97,106.7,판매중,①배운짝+단가확인,
정희화학,1,5호,2400,27,28,1,3.7,,,그밖,5호/백색,0000000062,MASL0036,JH 실링 1494 (5호) 2400개,27,29.7,판매중,①배운짝+단가확인,O
정희화학,1,5호,2400,27,28,1,3.7,,,그밖,신3-5호/백색,0000007524,BF1914SL0001,JH 실링 신 191430 (3-5호) 화이트 1200개,36,39.6,판매중,①배운짝+단가확인,
정희화학,1,6호,2400,21,22,1,4.8,,,그밖,6호/백색,0000000064,MASL0039,JH 실링 1493 (6호) 2400개,21,23.1,판매중,①배운짝+단가확인,O
정희화학,1,6-2호,2400,21,22,1,4.8,,,그밖,6-2호/백색,0000000460,MASL0042,JH 실링 1493-2B (6-2호) 2400개,21,23.1,판매중,①배운짝+단가확인,O
정희화학,1,69호,600,77,79,2,2.6,,,소분,,,JH2318SL00014,JH 실링 23183 (69호) 화이트 (150*1팩) 150개--/소분,77,84.7,판매중,②이름,O
정희화학,1,69호,600,77,79,2,2.6,,,소분,,,JH2318SL00021,JH 실링 23183 (69호) 블랙 (150*1팩) 150개--/소분,77,84.7,판매중,②이름,O
정희화학,1,69호,600,77,79,2,2.6,,,소분,,,JH2318SL80001,JH 실링 23183 (69호) 화이트 (150*2팩) 300개--/소분,77,84.7,판매중,②이름,O
정희화학,1,69호,600,77,79,2,2.6,,,소분,,,JH2318SL70001,JH 실링 23183 (69호) 블랙 (150*2팩) 300개--/소분,77,84.7,판매중,②이름,O
정희화학,1,69호,600,77,79,2,2.6,,,그밖,,,JH2318SL00001,JH 실링 23183 (69호) 화이트 600개,77,84.7,판매중,②이름,O
정희화학,1,69호,600,77,79,2,2.6,,,그밖,,,JH2318SL00008,JH 실링 23183 (69호) 블랙 600개,77,84.7,판매중,②이름,O
정희화학,1,"70호(2,5칸)",600,85,87,2,2.4,,,그밖,70호/검정,0000000581,JH2318SL00009,JH 실링 23185 (70호) 블랙 600개,85,93.5,판매중,①배운짝+단가확인,O
정희화학,1,"70호(2,5칸)",600,85,87,2,2.4,,,그밖,70호/백색,0000000343,JH2318SL00002,JH 실링 23185 (70호) 화이트 600개,85,93.5,판매중,①배운짝+단가확인,O
정희화학,1,84호,500,97,99,2,2.1,,,그밖,84호/검정,0000000942,JH2318SL00012,JH 실링 23186 (84호) 블랙 500개,97,106.7,판매중,①배운짝+단가확인,O
정희화학,1,84호,500,97,99,2,2.1,,,그밖,84호/백색,0000000345,JH2318SL00005,JH 실링 23186 (84호) 화이트 500개,97,106.7,판매중,①배운짝+단가확인,O
정희화학,1,84호,500,97,99,2,2.1,,,그밖,4호/백색,0000000060,MASL0033,JH 실링 1496 (4호) 2400개,32,35.2,판매중,①배운짝+단가확인,
정희화학,1,"71호,71-1호",400,112,118,6,5.4,,,그밖,71호/검정,0000000977,JH2318SL00013,JH 실링 23189 (71호) 블랙 400개,112,123.2,판매중,①배운짝+단가확인,O
정희화학,1,"71호,71-1호",400,112,118,6,5.4,,,그밖,71호/백색,0000000344,JH2318SL00006,JH 실링 23189 (71호) 화이트 400개,112,123.2,판매중,①배운짝+단가확인,O
정희화학,1,70호뚜껑(2318),600,72,72,0,0,동결,,그밖,70호/검정,0000000581,JH2318SL00009,JH 실링 23185 (70호) 블랙 600개,85,93.5,판매중,①배운짝,
정희화학,1,70호뚜껑(2318),600,72,72,0,0,동결,,그밖,70호/백색,0000000343,JH2318SL00002,JH 실링 23185 (70호) 화이트 600개,85,93.5,판매중,①배운짝,
정희화학,1,12152,1500,30,30,0,0,동결,,소분,,,JH1215SL10001,JH 실링 12152 화이트 (100*1팩) 100개 ---/소분,30,33,판매중,②이름,O
정희화학,1,12152,1500,30,30,0,0,동결,,소분,,,JH1215SL00001,JH 실링 12152 화이트 (100*3팩) 300개 ---/소분,30,33,판매중,②이름,O
정희화학,1,12152,1500,30,30,0,0,동결,,소분,,,JH1215SL50001,JH 실링 12152 화이트 (100*5팩) 500개 ---/소분,30,33,판매중,②이름,O
정희화학,1,12152,1500,30,30,0,0,동결,,그밖,,,MASL0003,JH 실링 12152 화이트 1500개,30,33,판매중,②이름,O
정희화학,1,12153,1500,31,31,0,0,동결,,소분,,,JH1215SL10002,JH 실링 12153 화이트 (100*1팩) 100개 ---/소분,31,34.1,판매중,②이름,O
정희화학,1,12153,1500,31,31,0,0,동결,,소분,,,JH1215SL00002,JH 실링 12153 화이트 (100*3팩) 300개 ---/소분,31,34.1,판매중,②이름,O
정희화학,1,12153,1500,31,31,0,0,동결,,소분,,,JH1215SL50002,JH 실링 12153 화이트 (100*5팩) 500개 ---/소분,31,34.1,판매중,②이름,O
정희화학,1,12153,1500,31,31,0,0,동결,,그밖,,,MASL0006,JH 실링 12153 화이트 1500개,31,34.1,판매중,②이름,O
정희화학,1,12154,1500,34,34,0,0,동결,,소분,,,JH1215SL10003,JH 실링 12154 화이트 (100*1팩) 100개 ---/소분,34,37.4,판매중,②이름,O
정희화학,1,12154,1500,34,34,0,0,동결,,소분,,,JH1215SL00003,JH 실링 12154 화이트 (100*3팩) 300개 ---/소분,34,37.4,판매중,②이름,O
정희화학,1,12154,1500,34,34,0,0,동결,,소분,,,JH1215SL50003,JH 실링 12154 화이트 (100*5팩) 500개 ---/소분,34,37.4,판매중,②이름,O
정희화학,1,12154,1500,34,34,0,0,동결,,그밖,,,MASL0009,JH 실링 12154 화이트 1500개,34,37.4,판매중,②이름,O
정희화학,1,12154-2A,1500,34,34,0,0,동결,,소분,,,JH1215SL10003,JH 실링 12154 화이트 (100*1팩) 100개 ---/소분,34,37.4,판매중,②'낱말+값,O
정희화학,1,12154-2A,1500,34,34,0,0,동결,,소분,,,JH1215SL00003,JH 실링 12154 화이트 (100*3팩) 300개 ---/소분,34,37.4,판매중,②'낱말+값,O
정희화학,1,12154-2A,1500,34,34,0,0,동결,,소분,,,JH1215SL50003,JH 실링 12154 화이트 (100*5팩) 500개 ---/소분,34,37.4,판매중,②'낱말+값,O
정희화학,1,12154-2A,1500,34,34,0,0,동결,,그밖,,,MASL0009,JH 실링 12154 화이트 1500개,34,37.4,판매중,②'낱말+값,O
정희화학,1,12155,1500,37,38,1,2.7,,,소분,,,JH1215SL10004,JH 실링 12155 화이트 (100*1팩) 100개 ---/소분,37,40.7,판매중,②이름,O
정희화학,1,12155,1500,37,38,1,2.7,,,소분,,,JH1215SL00004,JH 실링 12155 화이트 (100*3팩) 300개 ---/소분,37,40.7,판매중,②이름,O
정희화학,1,12155,1500,37,38,1,2.7,,,소분,,,JH1215SL50004,JH 실링 12155 화이트 (100*5팩) 500개 ---/소분,37,40.7,판매중,②이름,O
정희화학,1,12155,1500,37,38,1,2.7,,,그밖,,,MASL0015,JH 실링 12155 화이트 1500개,37,40.7,판매중,②이름,O
정희화학,1,12157,1500,46,47,1,2.2,,,소분,,,JH1215SL10005,JH 실링 12157 화이트 (100*1팩) 100개 ---/소분,46,50.6,판매중,②이름,O
정희화학,1,12157,1500,46,47,1,2.2,,,소분,,,JH1215SL00005,JH 실링 12157 화이트 (100*3팩) 300개 ---/소분,46,50.6,판매중,②이름,O
정희화학,1,12157,1500,46,47,1,2.2,,,소분,,,JH1215SL50005,JH 실링 12157 화이트 (100*5팩) 500개 ---/소분,46,50.6,판매중,②이름,O
정희화학,1,12157,1500,46,47,1,2.2,,,그밖,,,MASL0018,JH 실링 12157 화이트 1500개,46,50.6,판매중,②이름,O
정희화학,1,12183,1500,37,37,0,0,동결,,소분,,,JH1218SL10001,JH 실링 12183 화이트 (100*1팩) 100개---/소분,37,40.7,판매중,②이름,O
정희화학,1,12183,1500,37,37,0,0,동결,,소분,,,JH1218SL10002,JH 실링 12183-5A 화이트 (100*1팩) 100개---/소분,37,40.7,소싱중,②이름,O
정희화학,1,12183,1500,37,37,0,0,동결,,소분,,,JH1218SL_B10001,JH 실링 12183 블랙 (100*1팩) 100개---/소분,37,40.7,판매중,②이름,O
정희화학,1,12183,1500,37,37,0,0,동결,,소분,,,JH1218SL_B10002,JH 실링 12183-5A 블랙 (100*1팩) 100개---/소분,37,40.7,판매중,②이름,O
정희화학,1,12183,1500,37,37,0,0,동결,,소분,,,JH1218B0001,JH 실링 12183 블랙 (100*3팩) 300개---/소분,37,40.7,판매중,②이름,O
정희화학,1,12183,1500,37,37,0,0,동결,,소분,,,JH1218B0002,JH 실링 12183-5A 블랙 (100*3팩) 300개---/소분,37,40.7,판매중,②이름,O
정희화학,1,12183,1500,37,37,0,0,동결,,소분,,,JH1218SL50001,JH 실링 12183 화이트 (100*5팩) 500개---/소분,37,40.7,판매중,②이름,O
정희화학,1,12183,1500,37,37,0,0,동결,,소분,,,JH1218SL50002,JH 실링 12183-5A 화이트 (100*5팩) 500개---/소분,37,40.7,소싱중,②이름,O
정희화학,1,12183,1500,37,37,0,0,동결,,소분,,,JH1218SL60001,JH 실링 12183 블랙 (100*5팩) 500개---/소분,37,40.7,판매중,②이름,O
정희화학,1,12183,1500,37,37,0,0,동결,,소분,,,JH1218SL60002,JH 실링 12183-5A 블랙 (100*5팩) 500개---/소분,37,40.7,판매중,②이름,O
정희화학,1,12183,1500,37,37,0,0,동결,,그밖,,,MASL0021,JH 실링 12183 화이트 1500개,37,40.7,판매중,②이름,O
정희화학,1,12183,1500,37,37,0,0,동결,,그밖,,,MASL0024,JH 실링 12183-5A 화이트 1500개,37,40.7,소싱중,②이름,O
정희화학,1,12183,1500,37,37,0,0,동결,,그밖,,,JH12180001,JH 실링 12183 블랙 1500개,37,40.7,판매중,②이름,O
정희화학,1,12183,1500,37,37,0,0,동결,,그밖,,,JH12180002,JH 실링 12183-5A 블랙 1500개,37,40.7,판매중,②이름,O
정희화학,1,12183-5A,1500,37,37,0,0,동결,,소분,,,JH1218SL10002,JH 실링 12183-5A 화이트 (100*1팩) 100개---/소분,37,40.7,소싱중,②이름,O
정희화학,1,12183-5A,1500,37,37,0,0,동결,,소분,,,JH1218SL_B10002,JH 실링 12183-5A 블랙 (100*1팩) 100개---/소분,37,40.7,판매중,②이름,O
정희화학,1,12183-5A,1500,37,37,0,0,동결,,소분,,,JH1218B0002,JH 실링 12183-5A 블랙 (100*3팩) 300개---/소분,37,40.7,판매중,②이름,O
정희화학,1,12183-5A,1500,37,37,0,0,동결,,소분,,,JH1218SL50002,JH 실링 12183-5A 화이트 (100*5팩) 500개---/소분,37,40.7,소싱중,②이름,O
정희화학,1,12183-5A,1500,37,37,0,0,동결,,소분,,,JH1218SL60002,JH 실링 12183-5A 블랙 (100*5팩) 500개---/소분,37,40.7,판매중,②이름,O
정희화학,1,12183-5A,1500,37,37,0,0,동결,,그밖,,,MASL0024,JH 실링 12183-5A 화이트 1500개,37,40.7,소싱중,②이름,O
정희화학,1,12183-5A,1500,37,37,0,0,동결,,그밖,,,JH12180002,JH 실링 12183-5A 블랙 1500개,37,40.7,판매중,②이름,O
정희화학,1,12184,1500,40,40,0,0,동결,,소분,,,JH1218SL10003,JH 실링 12184 화이트 (100*1팩) 100개---/소분,40,44,판매중,②이름,O
정희화학,1,12184,1500,40,40,0,0,동결,,소분,,,JH1218SL_B10003,JH 실링 12184 블랙 (100*1팩) 100개---/소분,40,44,판매중,②이름,O
정희화학,1,12184,1500,40,40,0,0,동결,,소분,,,JH1218B0003,JH 실링 12184 블랙 (100*3팩) 300개---/소분,40,44,판매중,②이름,O
정희화학,1,12184,1500,40,40,0,0,동결,,소분,,,JH1218SL50003,JH 실링 12184 화이트 (100*5팩) 500개---/소분,40,44,판매중,②이름,O
정희화학,1,12184,1500,40,40,0,0,동결,,소분,,,JH1218SL60003,JH 실링 12184 블랙 (100*5팩) 500개---/소분,40,44,판매중,②이름,O
정희화학,1,12184,1500,40,40,0,0,동결,,그밖,,,MASL0027,JH 실링 12184 화이트 1500개,40,44,판매중,②이름,O
정희화학,1,12184,1500,40,40,0,0,동결,,그밖,,,JH12180003,JH 실링 12184 블랙 1500개,40,44,판매중,②이름,O
정희화학,1,12186,900,48,48,0,0,동결,,소분,,,JH1218SL10004,JH 실링 12186 화이트 (100*1팩) 100개---/소분,48,52.8,판매중,②이름,O
정희화학,1,12186,900,48,48,0,0,동결,,소분,,,JH1218SL_B10004,JH 실링 12186 블랙 (100*1팩) 100개---/소분,48,52.8,판매중,②이름,O
정희화학,1,12186,900,48,48,0,0,동결,,소분,,,JH1218B0004,JH 실링 12186 블랙 (100*3팩) 300개---/소분,48,52.8,판매중,②이름,O
정희화학,1,12186,900,48,48,0,0,동결,,소분,,,JH1218SL50004,JH 실링 12186 화이트 (100*5팩) 500개---/소분,48,52.8,판매중,②이름,O
정희화학,1,12186,900,48,48,0,0,동결,,소분,,,JH1218SL60004,JH 실링 12186 블랙 (100*5팩) 500개---/소분,48,52.8,판매중,②이름,O
정희화학,1,12186,900,48,48,0,0,동결,,그밖,,,MASL0030,JH 실링 12186 화이트 900개,48,52.8,판매중,②이름,O
정희화학,1,12186,900,48,48,0,0,동결,,그밖,,,JH12180004,JH 실링 12186 블랙 900개,48,52.8,판매중,②이름,O
정희화학,1,23193,600,75,75,0,0,동결,,,,,,,,,,✖ 후보 22줄 — 너무 많음,
정희화학,1,23193-6A,600,75,75,0,0,동결,,소분,,,JH2319SB_0002,JH 실링 23193-6A 화이트 (100*1팩) 100개---/소분,75,82.5,판매중,②이름,O
정희화학,1,23193-6A,600,75,75,0,0,동결,,소분,,,JH2319SB_B0002,JH 실링 23193-6A 블랙 (100*1팩) 100개---/소분,75,82.5,판매중,②이름,O
정희화학,1,23193-6A,600,75,75,0,0,동결,,소분,,,JH2319SL80002,JH 실링 23193-6A 화이트 (100*3팩) 300개---/소분,75,82.5,판매중,②이름,O
정희화학,1,23193-6A,600,75,75,0,0,동결,,소분,,,JH2319SB_B0010,JH 실링 23193-6A 블랙 (100*3팩) 300개---/소분,75,82.5,판매중,②이름,O
정희화학,1,23193-6A,600,75,75,0,0,동결,,그밖,,,MASL0141_2,JH 실링 23193-6A 화이트 600개,75,82.5,판매중,②이름,O
정희화학,1,23193-6A,600,75,75,0,0,동결,,그밖,,,MASL0141_3,JH 실링 23193-6A 블랙 600개,75,82.5,판매중,②이름,O
정희화학,1,23194-5A,600,75,75,0,0,동결,,소분,,,JH2319SB_0003,JH 실링 23194-5A 화이트 (100*1팩) 100개---/소분,75,82.5,판매중,②이름,O
정희화학,1,23194-5A,600,75,75,0,0,동결,,소분,,,JH2319SB_B0003,JH 실링 23194-5A 블랙 (100*1팩) 100개---/소분,75,82.5,판매중,②이름,O
정희화학,1,23194-5A,600,75,75,0,0,동결,,소분,,,JH2319SL0020,JH 실링 23194-5A 화이트 (100*2팩) 200개---/소분,75,82.5,판매중,②이름,O
정희화학,1,23194-5A,600,75,75,0,0,동결,,소분,,,JH2319SL0029,JH 실링 23194-5A 블랙 (100*2팩) 200개---/소분,75,82.5,판매중,②이름,O
정희화학,1,23194-5A,600,75,75,0,0,동결,,소분,,,JH2319SL80003,JH 실링 23194-5A 화이트 (100*3팩) 300개---/소분,75,82.5,판매중,②이름,O
정희화학,1,23194-5A,600,75,75,0,0,동결,,소분,,,JH2319SB_B0011,JH 실링 23194-5A 블랙 (100*3팩) 300개---/소분,75,82.5,판매중,②이름,O
정희화학,1,23194-5A,600,75,75,0,0,동결,,그밖,,,JH2319SL0003,JH 실링 23194-5A 화이트 600개,75,82.5,판매중,②이름,O
정희화학,1,23194-5A,600,75,75,0,0,동결,,그밖,,,JH2319SL0012,JH 실링 23194-5A 블랙 600개,75,82.5,판매중,②이름,O
정희화학,1,23195,600,84,84,0,0,동결,,그밖,23195/백색,0000001388,JH2319SL0004,JH 실링 23195 화이트 600개,84,92.4,판매중,①배운짝+단가확인,O
정희화학,1,23195-2A,600,84,84,0,0,동결,,그밖,23195/백색,0000001388,JH2319SL0004,JH 실링 23195 화이트 600개,84,92.4,판매중,①배운짝+단가확인,O
정희화학,1,23197,600,102,105,3,2.9,,,그밖,23197/검정,0000000587,JH2319SL0015,JH 실링 23197 블랙 600개,102,112.2,판매중,①배운짝+단가확인,O
정희화학,1,23197,600,102,105,3,2.9,,,그밖,23197/백색,0000000586,JH2319SL0006,JH 실링 23197 화이트 600개,102,112.2,판매중,①배운짝+단가확인,O
정희화학,1,23199,600,117,119,2,1.7,,,그밖,23199/검정,0000001540,JH2319SL0016,JH 실링 23199 블랙 600개,117,128.7,판매중,①배운짝+단가확인,O
정희화학,1,231911,360,131,134,3,2.3,,,소분,,,JH2319SB_0008,JH 실링 231911 화이트 (60*1팩) 60개---/소분,131,144.1,판매중,②이름,O
정희화학,1,231911,360,131,134,3,2.3,,,소분,,,JH2319SB_B0008,JH 실링 231911 블랙 (60*1팩) 60개---/소분,131,144.1,판매중,②이름,O
정희화학,1,231911,360,131,134,3,2.3,,,소분,,,JH2319SL0034,JH 실링 231911 블랙 (60*2팩) 120개---/소분,131,144.1,판매중,②이름,O
정희화학,1,231911,360,131,134,3,2.3,,,소분,,,JH2319SL80008,JH 실링 231911 화이트 (60*3팩) 180개---/소분,131,144.1,판매중,②이름,O
정희화학,1,231911,360,131,134,3,2.3,,,소분,,,JH2319SB_B0016,JH 실링 231911 블랙 (60*3팩) 180개---/소분,131,144.1,판매중,②이름,O
정희화학,1,231911,360,131,134,3,2.3,,,그밖,,,MASL0156,JH 실링 231911 화이트 360개,131,144.1,판매중,②이름,O
정희화학,1,231911,360,131,134,3,2.3,,,그밖,,,JH2319SL0017,JH 실링 231911 블랙 360개,131,144.1,판매중,②이름,O
정희화학,1,68파이특소,600,7.4,7.8,0.39999999999999947,5.4,,셋12.9,세트,68파이특소셋/백색/3000셋,0000009043,JHN70SAUCE00001,JH 68파이 특소 화이트 3000 SET,12.3,13.5,판매중,①배운짝,
정희화학,1,68파이소,3000,8.2,8.7,0.5,6.1,,셋13.8,세트,68파이소셋/백색/3000셋,0000008897,JHN70SAUCE00002,JH 68파이 소 화이트 3000 SET,13.1,14.4,판매중,①배운짝,
정희화학,1,68파이소,3000,8.2,8.7,0.5,6.1,,셋13.8,세트,68파이소셋/검정/3000셋,0000008919,JHN70SAUCE_B00002,JH 68파이 소 블랙 3000 SET,13.1,14.4,판매중,①배운짝,
정희화학,1,68파이대,3000,10.6,11,0.40000000000000036,3.8,,셋16.1,세트,,,JHN70SAUCE00003,JH 68파이 대 화이트 3000 SET,15.5,17.1,판매중,②이름,
정희화학,1,68파이대,3000,10.6,11,0.40000000000000036,3.8,,셋16.1,세트,,,JHN70SAUCE_B00003,JH 68파이 대 블랙 3000 SET,15.5,17.1,판매중,②이름,
정희화학,1,68파이대,3000,10.6,11,0.40000000000000036,3.8,,셋16.1,소분,,,JH70SAUCE90002,JH 68파이 대 화이트 (100*1팩) 100세트---/소분,15.5,17.1,판매중,②이름,
정희화학,1,68파이대,3000,10.6,11,0.40000000000000036,3.8,,셋16.1,소분,,,JH68SAUCE_SB1003,JH 68파이 대 블랙 (100*1팩) 100세트---/소분,15.5,17.1,판매중,②이름,
정희화학,1,68파이대,3000,10.6,11,0.40000000000000036,3.8,,셋16.1,소분,,,JH70SAUCE00012,JH 68파이 대 화이트 (100*5팩) 500세트---/소분,15.5,17.1,판매중,②이름,
정희화학,1,68파이대,3000,10.6,11,0.40000000000000036,3.8,,셋16.1,소분,,,JH68SAUCE_SB5003,JH 68파이 대 블랙 (100*5팩) 500세트---/소분,15.5,17.1,판매중,②이름,
정희화학,1,68파이대,3000,10.6,11,0.40000000000000036,3.8,,셋16.1,소분,,,JH70SAUCE15003,JH 68파이 대 화이트 (100*15팩) 1500세트---/소분,15.5,17.1,판매중,②이름,
정희화학,1,68파이대,3000,10.6,11,0.40000000000000036,3.8,,셋16.1,소분,,,JH68SAUCE_SB1503,JH 68파이 대 블랙 (100*15팩) 1500세트---/소분,15.5,17.1,판매중,②이름,
정희화학,1,68파이뚜껑,3000,4.9,5.1,0.1999999999999993,4.1,,,,,,,,,,,✖ 못 찾음,
정희화학,1,75*60(3-1번),3000,18.5,19.5,1,5.4,,,몸통,,,JH75SAUCE00005,JH 신형 75파이 소 화이트 3000개---몸통만,18.5,20.4,판매중,②'낱말+값,O
정희화학,1,75*60(3-1번),3000,18.5,19.5,1,5.4,,,몸통,,,JH75SAUCE00007,JH 신형 75파이 소 블랙 3000개---몸통만,18.5,20.4,판매중,②'낱말+값,O
정희화학,1,75*70(3번),3000,20,21,1,5,,,몸통,,,JH75SAUCE00006,JH 신형 75파이 대 화이트 3000개---몸통만,20,22,판매중,②'낱말+값,O
정희화학,1,75*70(3번),3000,20,21,1,5,,,몸통,,,JH75SAUCE00008,JH 신형 75파이 대 블랙 3000개---몸통만,20,22,판매중,②'낱말+값,O
정희화학,1,75파이뚜껑,3000,8.3,8.8,0.5,6,,,뚜껑,75파이뚜껑,0000000090,JH75SAUCE00009,JH 신형 75파이 공용 3000개---뚜껑만,8.3,9.1,판매중,①배운짝+단가확인,O
정희화학,1,105파이(대),1000,36,37,1,2.8,,셋51.5,세트,105파이대셋/백색/1000셋트,0000003666,JHSH105SS00003,JH 신형 105파이 대 화이트 1000 SET,50,55,판매중,①배운짝,
정희화학,1,105파이(중),1000,29.5,30.5,1,3.4,,셋45,세트,105파이중셋/백색/1000셋트,0000003549,JHSH105SS00002,JH 신형 105파이 중 화이트 1000 SET,43.5,47.9,판매중,①배운짝,
정희화학,1,105파이(소),1000,27,27.5,0.5,1.9,,셋42,세트,,,JHSH105SS00001,JH 신형 105파이 소 화이트 1000 SET,41,45.1,판매중,②이름,
정희화학,1,105파이(소),1000,27,27.5,0.5,1.9,,셋42,세트,,,JHSH105SSB0001,JH 신형 105파이 소 블랙 1000 SET,41,45.1,품절,②이름,
정희화학,1,105파이(소),1000,27,27.5,0.5,1.9,,셋42,소분,,,JH105SAUCE10001,JH 신형 105파이 소 화이트 (100*1팩) 100세트---/소분,41,45.1,판매중,②이름,
정희화학,1,105파이(소),1000,27,27.5,0.5,1.9,,셋42,소분,,,JH105SAUCEB10001,JH 신형 105파이 소 블랙 (100*1팩) 100세트---/소분,41,45.1,판매중,②이름,
정희화학,1,105파이(소),1000,27,27.5,0.5,1.9,,셋42,소분,,,JHSH105SS00004,JH 신형 105파이 소 화이트 (100*2팩) 200세트---/소분,41,45.1,판매중,②이름,
정희화학,1,105파이(소),1000,27,27.5,0.5,1.9,,셋42,소분,,,JHSH105SSB0004,JH 신형 105파이 소 블랙 (100*2팩) 200세트---/소분,41,45.1,판매중,②이름,
정희화학,1,105파이(소),1000,27,27.5,0.5,1.9,,셋42,소분,,,JHS105AUCE00009,JH 신형 105파이 소 화이트 (100*5팩) 500세트---/소분,41,45.1,판매중,②이름,
정희화학,1,105파이(소),1000,27,27.5,0.5,1.9,,셋42,소분,,,JHS105AUCEB10009,JH 신형 105파이 소 블랙 (100*5팩) 500세트---/소분,41,45.1,판매중,②이름,
정희화학,1,105파이뚜껑(신),1000,14,14.5,0.5,3.6,,,뚜껑,,,JHS105AUCE00013,JH 소스 105파이 공용 1000개 뚜껑만,14,15.4,판매중,②'낱말+값,O
정희화학,1,사각용기,3000,19,19,0,0,동결,,몸통,사각용기,0000000506,MADYSS1048,JH 사각소스컵 3000개---몸통만,19,20.9,판매중,①배운짝+단가확인,O
정희화학,1,사각뚜껑,3000,10,10,0,0,동결,,뚜껑,사각뚜껑,0000000416,MADYSS1048_1,JH 사각소스컵 3000개---뚜껑만,10,11,판매중,①배운짝+단가확인,O
정희화학,1,JH신죽(특대),500,95,97,2,2.1,,,,,,,,,,,✖ 못 찾음,
정희화학,1,JH신죽(대),500,83,85,2,2.4,,,몸통,,,JH158TANG00009,JH 158파이 삼계탕 대 400개---몸통만,83,91.3,판매중,③값만(약함),O
정희화학,1,JH신죽(중),500,73,75,2,2.7,,,,,,,,,,,✖ 못 찾음,
정희화학,1,JH신죽(소),500,75,67,-8,-10.7,,★인하(파랑),,,,,,,,,✖ 못 찾음,
정희화학,1,JH신죽뚜껑,500,65,53,-12,-18.5,,★인하(파랑),몸통,,,JH158TANG00007,JH 158파이 삼계탕 소 400개---몸통만,65,71.5,판매중,③값만(약함),O
정희화학,1,"3,4칸사각소스용기",1200,28,28,0,0,동결,,,,,,,,,,✖ 못 찾음,
정희화학,1,"3,4칸사각소스뚜껑",1200,19,19,0,0,동결,,,,,,,,,,✖ 못 찾음,
정희화학,1,감자탕뚜껑,200,69,71,2,2.9,,,몸통,,,JH120PET00009,JH 원형샐러드 120 PET 대 800개 ---몸통만,69,75.9,판매중,③값만(약함),O
정희화학,1,감자탕뚜껑,200,69,71,2,2.9,,,소분,,,JHBANJUG90003,JH 반죽사각 400 - (50*1팩) 50세트--/소분,69,75.9,판매중,③값만(약함),O
정희화학,1,감자탕뚜껑,200,69,71,2,2.9,,,소분,,,JHBANJUG90006,JH 반죽사각 400 - (50*2팩) 100세트--/소분,69,75.9,판매중,③값만(약함),O
정희화학,1,신탕(대),200,148,148,0,0,동결,,세트,,,JHTANG00003,JH 신탕 대 200세트,217,238.7,판매중(재고까지만),②이름,
정희화학,1,신탕(대),200,148,148,0,0,동결,,소분,,,JHTANG20003,JH 신탕 대 (50*1팩) 50세트--/소분,217,238.7,판매중(재고까지만),②이름,
정희화학,1,신탕(대),200,148,148,0,0,동결,,소분,,,JHTANG_SB0003,JH 신탕 대 (50*2팩) 100세트--/소분,217,238.7,판매중(재고까지만),②이름,
정희화학,1,신탕(중),200,129,129,0,0,동결,,세트,,,JHTANG00002,JH 신탕 중 200세트,198,217.8,판매중(재고까지만),②이름,
정희화학,1,신탕(중),200,129,129,0,0,동결,,소분,,,JHTANG20002,JH 신탕 중 (50*1팩) 50세트--/소분,198,217.8,판매중(재고까지만),②이름,
정희화학,1,신탕(중),200,129,129,0,0,동결,,소분,,,JHTANG_SB0002,JH 신탕 중 (50*2팩) 100세트--/소분,198,217.8,판매중(재고까지만),②이름,
정희화학,1,신탕(소),200,115,115,0,0,동결,,세트,,,JHTANG00001,JH 신탕 소 200세트,184,202.4,판매중(재고까지만),②이름,
정희화학,1,신탕(소),200,115,115,0,0,동결,,소분,,,JHTANG20001,JH 신탕 소 (50*1팩) 50세트--/소분,184,202.4,판매중(재고까지만),②이름,
정희화학,1,신탕(소),200,115,115,0,0,동결,,소분,,,JHTANG_SB0001,JH 신탕 소 (50*2팩) 100세트--/소분,184,202.4,판매중(재고까지만),②이름,
정희화학,1,탕왕대 270Ø (set),100,485,485,0,0,동결,,세트,,,JHKTANG00001,JH 감자탕 왕대 100 SET,485,533.5,판매중,③값만(약함),O
정희화학,1,탕특대용기240Ø,200,210,210,0,0,동결,,몸통,,,MATYG0008,JH 감자탕 특대 200개---몸통만,210,231,판매중,③값만(약함),O
정희화학,1,탕특대뚜껑240Ø,200,110,110,0,0,동결,,,,,,,,,,✖ 못 찾음,
정희화학,1,"신형돈까스,9193돈까스",200,170,172,2,1.2,,,세트,9193돈까스,0000005505,JH5B00001,JH 9193 돈까스도시락 200 SET,170,187,판매중,①배운짝+단가확인,O
정희화학,1,0601돈까스/뚜껑59,,164,166,2,1.2,,,세트,,,JH065B00001,JH 0601 돈까스도시락 200 SET,164,180.4,판매중,②'낱말+값,O
정희화학,1,0601돈까스/뚜껑59,,164,166,2,1.2,,,소분,,,JH065B10001,JH 0601돈까스도시락 (50*1팩) 50세트---/소분,164,180.4,판매중,②'낱말+값,O
정희화학,1,0601돈까스/뚜껑59,,164,166,2,1.2,,,소분,,,JHDONGS_SB0001,JH 0601돈까스도시락 (50*2팩) 100세트---/소분,164,180.4,판매중,②'낱말+값,O
정희화학,1,왕돈까스/뚜껑125,,310,310,0,0,동결,,,,,,,,,,✖ 못 찾음,
정희화학,1,사각찜(J4)대,200,200,200,0,0,동결,,몸통,,,JHSGJJIM10103,JH 사각찜 J4 대 100개---몸통만,200,220,판매중,②이름,O
정희화학,1,사각찜(J4)대,200,200,200,0,0,동결,,세트,,,JHSGJJIM00103,JH 사각찜 J4 대 100세트,328,360.8,판매중,②이름,
정희화학,1,사각찜(J3)중,200,180,180,0,0,동결,,몸통,,,JHSGJJIM010102,JH 사각찜 J3 중 100개---몸통만,180,198,판매중,②이름,O
정희화학,1,사각찜(J3)중,200,180,180,0,0,동결,,세트,,,JHSGJJIM00102,JH 사각찜 J3 중 100세트,308,338.8,판매중,②이름,
정희화학,1,사각찜(J2)소,200,160,160,0,0,동결,,몸통,,,JHSGJJIM10101,JH 사각찜 J2 소 100개---몸통만,160,176,판매중,②이름,O
정희화학,1,사각찜(J2)소,200,160,160,0,0,동결,,세트,,,JHSGJJIM00101,JH 사각찜 J2 소 100세트,288,316.8,판매중,②이름,
정희화학,1,사각찜뚜껑,200,128,128,0,0,동결,,뚜껑,사각찜뚜껑/100개입,0000007309,JHSGJJIM90001,JH 사각찜 공용 100개---뚜껑만,128,140.8,판매중,①배운짝+단가확인,O
정희화학,1,타원찜(대)340Ø,200,248,248,0,0,동결,,몸통,,,JHTWJJIM1003,JH 타원찜 대 100개---몸통만,248,272.8,판매중,②'낱말+값,O
정희화학,1,타원찜(중)340Ø,200,225,225,0,0,동결,,몸통,,,JHTWJJIM1002,JH 타원찜 중 100개---몸통만,225,247.5,판매중,②'낱말+값,O
정희화학,1,타원찜(소)340Ø,200,200,200,0,0,동결,,몸통,,,JHTWJJIM1001,JH 타원찜 소 100개---몸통만,200,220,판매중,②'낱말+값,O
정희화학,1,타원찜뚜껑,200,165,165,0,0,동결,,뚜껑,타원찜뚜껑/100개입,0000007265,JHTWJJIM1004,JH 타원찜 공용 100개---뚜껑만,165,181.5,판매중,①배운짝+단가확인,O
정희화학,1,신삼계탕(대)158Ø,400,83,87,4,4.8,,,몸통,,,JH158TANG00009,JH 158파이 삼계탕 대 400개---몸통만,83,91.3,판매중,②'낱말+값,O
정희화학,1,신삼계탕(중)158Ø,400,73,77,4,5.5,,,몸통,,,JH158TANG00008,JH 158파이 삼계탕 중 400개---몸통만,73,80.3,판매중,②'낱말+값,O
정희화학,1,신삼계탕(소)158Ø,400,65,67,2,3.1,,,몸통,,,JH158TANG00007,JH 158파이 삼계탕 소 400개---몸통만,65,71.5,판매중,②'낱말+값,O
정희화학,1,신삼계탕뚜껑,400,45,47,2,4.4,,,뚜껑,,,JH158TANG00010,JH 158파이 삼계탕 공용 400개---뚜껑만,45,49.5,판매중,③값만(약함),O
정희화학,1,신삼계탕뚜껑,400,45,47,2,4.4,,,소분,,,JH1915SL00032,CC 신 1915 전용뚜껑(50*6팩) 300개---/소분,45,49.5,판매중,③값만(약함),O
정희화학,1,신203 용기투명,600,41,41,0,0,동결,,몸통,,,MASLD0039,JH 샐러드 203 투명 600개----몸통만,41,45.1,판매중,②'낱말+값,O
정희화학,1,신203 용기검정,600,36,36,0,0,동결,,몸통,,,MASLD0038,JH 샐러드 203 블랙 600개----몸통만,36,39.6,판매중,②'낱말+값,O
정희화학,1,신204 용기투명,600,43,43,0,0,동결,,몸통,,,MASLD0041,JH 샐러드 204 투명 600개----몸통만,43,47.3,판매중,②'낱말+값,O
정희화학,1,신204 용기 검정,600,39,39,0,0,동결,,몸통,,,MASLD0040,JH 샐러드 204 블랙 600개----몸통만,39,42.9,판매중,②'낱말+값,O
정희화학,1,"신 203,204뚜껑",600,37,37,0,0,동결,,뚜껑,,,MASLD0042,JH 샐러드 203 204 공용 600개----뚜껑만,37,40.7,판매중,②'낱말+값,O
정희화학,1,203-1,600,45,45,0,0,동결,,뚜껑,,,JH158TANG00010,JH 158파이 삼계탕 공용 400개---뚜껑만,45,49.5,판매중,③값만(약함),O
정희화학,1,203-1,600,45,45,0,0,동결,,소분,,,JH1915SL00032,CC 신 1915 전용뚜껑(50*6팩) 300개---/소분,45,49.5,판매중,③값만(약함),O
정희화학,1,사각반죽용기(400),600,46,47,1,2.2,,,몸통,,,MABJUG0007,JH 반죽사각 400 - 600개---몸통만,46,50.6,판매중,②'낱말+값,O
정희화학,1,사각반죽용기(300),600,37,38,1,2.7,,,몸통,,,MABJUG0008,JH 반죽사각 300 - 600개---몸통만,37,40.7,판매중,②'낱말+값,O
정희화학,1,사각반죽용기(300),600,37,38,1,2.7,,,소분,,,JH1218B0001,JH 실링 12183 블랙 (100*3팩) 300개---/소분,37,40.7,판매중,②'낱말+값,O
정희화학,1,사각반죽용기(300),600,37,38,1,2.7,,,소분,,,JH1218B0002,JH 실링 12183-5A 블랙 (100*3팩) 300개---/소분,37,40.7,판매중,②'낱말+값,O
정희화학,1,사각반죽용기(300),600,37,38,1,2.7,,,소분,,,JH1215SL00004,JH 실링 12155 화이트 (100*3팩) 300개 ---/소분,37,40.7,판매중,②'낱말+값,O
정희화학,1,사각반죽용기(3칸),600,33,34,1,3,,,몸통,,,JHBJUG0028,JH 반죽사각 300 -3칸 600개---몸통만,33,36.3,판매중,③값만(약함),O
정희화학,1,사각반죽뚜껑,600,23,24,1,4.3,,,뚜껑,사각반죽뚜껑,0000003900,MABJUG0009,JH 반죽사각 공용 600개---뚜껑만,23,25.3,판매중,①배운짝+단가확인,O
정희화학,2,밀폐23193,200,98,98,0,0,동결,,몸통,,,JHMINIJJIM90001,JH 미니사각찜 밀폐 23193 백색 200개---몸통만,98,107.8,판매중,②이름,O
정희화학,2,밀폐23193,200,98,98,0,0,동결,,몸통,,,JHMINIJJIMB90001,JH 미니사각찜 밀폐 23193 블랙 200개---몸통만,98,107.8,판매중,②이름,O
정희화학,2,밀폐23193,200,98,98,0,0,동결,,세트,,,JHMINIJJIM00001,JH 미니사각찜 밀폐 23193 백색 200세트,191,210.1,판매중,②이름,
정희화학,2,밀폐23193,200,98,98,0,0,동결,,세트,,,JHMINIJJIMB00001,JH 미니사각찜 밀폐 23193 블랙 200세트,191,210.1,판매중,②이름,
정희화학,2,밀폐23193,200,98,98,0,0,동결,,소분,,,JHMINIJJIM70001,JH 미니사각찜 밀폐 23193 백색 (50*1팩) 50세트----/소분,191,210.1,판매중,②이름,
정희화학,2,밀폐23193,200,98,98,0,0,동결,,소분,,,JHMINIJJIM70005,JH 미니사각찜 밀폐 23193 블랙 (50*1팩) 50세트----/소분,191,210.1,판매중,②이름,
정희화학,2,밀폐23193,200,98,98,0,0,동결,,소분,,,JHMINIJJIM80001,JH 미니사각찜 밀폐 23193 백색 (50*2팩) 100세트----/소분,191,210.1,판매중,②이름,
정희화학,2,밀폐23193,200,98,98,0,0,동결,,소분,,,JHMINIJJIM80005,JH 미니사각찜 밀폐 23193 블랙 (50*2팩) 100세트----/소분,191,210.1,판매중,②이름,
정희화학,2,밀폐23195,200,113,113,0,0,동결,,그밖,23195/백색,0000001388,JH2319SL0004,JH 실링 23195 화이트 600개,84,92.4,판매중,①배운짝,
정희화학,2,밀폐23197,200,128,128,0,0,동결,,그밖,23197/검정,0000000587,JH2319SL0015,JH 실링 23197 블랙 600개,102,112.2,판매중,①배운짝,
정희화학,2,밀폐23197,200,128,128,0,0,동결,,그밖,23197/백색,0000000586,JH2319SL0006,JH 실링 23197 화이트 600개,102,112.2,판매중,①배운짝,
정희화학,2,밀폐23199,200,140,140,0,0,동결,,그밖,23199/검정,0000001540,JH2319SL0016,JH 실링 23199 블랙 600개,117,128.7,판매중,①배운짝,
정희화학,2,밀폐2319뚜껑,200,93,93,0,0,동결,,뚜껑,밀폐2319뚜껑,0000006004,JHMINIJJIM90005,JH 미니사각찜 밀폐 2319 공용 200개---뚜껑만,93,102.3,판매중,①배운짝+단가확인,O
정희화학,2,밀폐20155,400,73,75,2,2.7,,,,,,,,,,,✖ 못 찾음,
정희화학,2,밀폐20157,400,83,85,2,2.4,,,몸통,,,JH158TANG00009,JH 158파이 삼계탕 대 400개---몸통만,83,91.3,판매중,③값만(약함),O
정희화학,2,밀폐20159,400,114,115,1,0.9,,,,,,,,,,,✖ 못 찾음,
정희화학,2,밀폐2015뚜껑,400,70,73,3,4.3,,,,,,,,,,,✖ 못 찾음,
정희화학,2,스시1010용기(PET),200,97,97,0,0,동결,,몸통,,,JHCBDSL30001,JH 스시 1010 초밥도시락 200개---몸통만,97,106.7,판매중,②'낱말+값,O
정희화학,2,스시1010용기(PET),200,97,97,0,0,동결,,몸통,,,JHCBDSL30002,JH 스시 1012 초밥도시락 200개---몸통만,97,106.7,판매중,②'낱말+값,O
정희화학,2,스시1012용기(PET),200,97,97,0,0,동결,,몸통,,,JHCBDSL30001,JH 스시 1010 초밥도시락 200개---몸통만,97,106.7,판매중,②'낱말+값,O
정희화학,2,스시1012용기(PET),200,97,97,0,0,동결,,몸통,,,JHCBDSL30002,JH 스시 1012 초밥도시락 200개---몸통만,97,106.7,판매중,②'낱말+값,O
정희화학,2,스시1010뚜껑(PET),200,87,87,0,0,동결,,뚜껑,,,JHCBDSL30003,JH 스시 공통 초밥도시락 200개---뚜껑만,87,95.7,판매중,②'낱말+값,O
정희화학,2,스시1012뚜껑(PET),200,87,87,0,0,동결,,뚜껑,,,JHCBDSL30003,JH 스시 공통 초밥도시락 200개---뚜껑만,87,95.7,판매중,②'낱말+값,O
정희화학,2,300파이찜대,,335,335,0,0,동결,,몸통,300파이찜대,0000009669,JHCRJJIM0006,JH 300파이 원형찜 대 백색 100개 ---몸통만,335,368.5,판매중,①배운짝+단가확인,O
정희화학,2,300파이찜중,,298,298,0,0,동결,,몸통,300파이찜중,0000009576,JHCRJJIM0005,JH 300파이 원형찜 중 백색 100개 ---몸통만,298,327.8,판매중,①배운짝+단가확인,O
정희화학,2,300파이찜소,,265,265,0,0,동결,,몸통,300파이찜소,0000009575,JHCRJJIM0004,JH 300파이 원형찜 소 백색 100개 ---몸통만,265,291.5,판매중,①배운짝+단가확인,O
정희화학,2,300파이찜뚜껑,,195,195,0,0,동결,,뚜껑,300파이찜뚜껑,0000009583,JHCRJJIM0007,JH 300파이 원형찜 공용 투명 100개 ---뚜껑만,195,214.5,판매중,①배운짝+단가확인,O
정희화학,2,92파이 돔뚜껑,1000,11,11,0,0,동결,,소분,,,JHPETLID9280011,JH 92파이 국내 PET 돔리드 100개---소분,11,12.1,판매중,②'낱말+값,O
정희화학,2,92파이 돔뚜껑,1000,11,11,0,0,동결,,그밖,,,JHPETLID920001,JH 92파이 국내 PET 돔리드 1000개,11,12.1,판매중,②'낱말+값,O
정희화학,2,92파이 평뚜껑,1000,9.5,9.5,0,0,동결,,소분,,,JHPETLID9280012,JH 92파이 국내 PET 평리드 100개---소분,9.5,10.5,판매중,②'낱말+값,O
정희화학,2,92파이 평뚜껑,1000,9.5,9.5,0,0,동결,,그밖,,,JHPETLID920002,JH 92파이 국내 PET 평리드 1000개,9.5,10.5,판매중,②'낱말+값,O
콤콤,3,2호,800,57,58,1,1.8,,,그밖,FP2호/백색,0000007388,JH1914SL0009,BF 실링 191470 (2호) 화이트 800개,57,62.7,판매중,①배운짝+단가확인,O
콤콤,3,21호,800,49,50,1,2,,,그밖,FP21호/백색,0000007665,JH1914SL0006,BF 실링 191455 (21호) 화이트 800개,49,53.9,판매중,①배운짝+단가확인,O
콤콤,3,21호,800,49,50,1,2,,,그밖,FP21호/검정,0000007666,JH1914SLB0006,BF 실링 191455 (21호) 블랙 800개,49,53.9,판매중,①배운짝+단가확인,O
콤콤,3,19153,,38.5,40,1.5,3.9,,,그밖,,,BF1915SL00001,BF 실링 19153 화이트 900개,38.5,42.4,판매중,②이름,O
콤콤,3,19153,,38.5,40,1.5,3.9,,,그밖,,,BF1915SL00001-1,BF 실링 19153-5A 화이트 900개,41,45.1,판매중,②이름,
콤콤,3,19153,,38.5,40,1.5,3.9,,,그밖,,,BF1915SL00001-2,JT 실링 19153-4A 화이트 900개,41,45.1,판매중,②이름,
콤콤,3,19153,,38.5,40,1.5,3.9,,,그밖,,,BF1915SL10001,BF 실링 19153 블랙 900개,38.5,42.4,판매중,②이름,O
콤콤,3,19153,,38.5,40,1.5,3.9,,,그밖,,,BF1915SL10001-1,BF 실링 19153-5A 블랙 900개,41,45.1,판매중,②이름,
콤콤,3,19153-5A,,41,43,2,4.9,,,그밖,,,BF1915SL00001-1,BF 실링 19153-5A 화이트 900개,41,45.1,판매중,②이름,O
콤콤,3,19153-5A,,41,43,2,4.9,,,그밖,,,BF1915SL10001-1,BF 실링 19153-5A 블랙 900개,41,45.1,판매중,②이름,O
콤콤,3,"19153-3A, 19153-4A",,44,47,3,6.8,,,,,,,,,,,✖ 못 찾음,
콤콤,3,19154(2A),,42,44,2,4.8,,,,,,,,,,,✖ 못 찾음,
콤콤,3,19155,,52,54,2,3.8,,,그밖,BF19155/검정,0000005848,BF1915SL10003,BF 실링 19155 블랙 900개,52,57.2,판매중,①배운짝+단가확인,O
콤콤,3,19156,,56,58,2,3.6,,,그밖,BF19156/검정,0000005874,BF1915SL10004,BF 실링 19156 블랙 900개,56,61.6,판매중,①배운짝+단가확인,O
콤콤,3,19157(19156(0.7t)),,68,70,2,2.9,,,그밖,,,BF1915SL00005,BF 실링 19157 화이트 900개,68,74.8,판매중,③값만(약함),O
콤콤,3,19157(19156(0.7t)),,68,70,2,2.9,,,그밖,,,BF1915SL10005,BF 실링 19157 블랙 900개,68,74.8,판매중,③값만(약함),O
콤콤,3,19159,,80,83,3,3.8,,,뚜껑,,,BF210TANG0007,BF 210파이 감자탕 공용 200개---뚜껑만,80,88,품절임박,③값만(약함),O
콤콤,3,실링뚜껑23,600,77,77,0,0,동결,,,,,,,,,,✖ 못 찾음,
콤콤,3,신실링뚜껑19,900,45,45,0,0,동결,,그밖,,,JH1915SL00011,CC 신 1915 전용뚜껑 900개,45,49.5,판매중,②'낱말+값,O
콤콤,3,신95파이(소),1000/2000,21.5,22.5,1,4.7,,,,,,,,,,,✖ 못 찾음,
콤콤,3,신95파이(대),1000/2000,28.5,30,1.5,5.3,,,뚜껑,,,BFBJUG00011,BF 신형 원형반죽 800---뚜껑만,28,30.8,판매중,③값만(약함),O
콤콤,3,신95파이뚜껑,1000/2000,13,13.5,0.5,3.8,,,,,,,,,,,✖ 못 찾음,
콤콤,3,105파이(소)/PP,1000,27,29,2,7.4,,,몸통,,,BF105PP0004,BF 105파이 PP 소 화이트 1000개---몸통만,27,29.7,단종품,②'낱말+값,O
콤콤,3,105파이(소)/PP,1000,27,29,2,7.4,,,몸통,,,BF105PPB0004,BF 105파이 PP 소 블랙 1000개---몸통만,27,29.7,단종품,②'낱말+값,O
콤콤,3,105파이(중)/PP,1000,30,32,2,6.7,,,몸통,,,BF105PP0005,BF 105파이 PP 중 화이트 1000개---몸통만,30,33,단종품,②'낱말+값,O
콤콤,3,105파이(중)/PP,1000,30,32,2,6.7,,,몸통,,,BF105PPB0005,BF 105파이 PP 중 블랙 1000개---몸통만,30,33,단종품,②'낱말+값,O
콤콤,3,105파이(대)/PP,1000,37,39,2,5.4,,,몸통,,,BF105PP0006,BF 105파이 PP 대 화이트 1000개---몸통만,37,40.7,단종품,②'낱말+값,O
콤콤,3,105파이(대)/PP,1000,37,39,2,5.4,,,몸통,,,BF105PPB0006,BF 105파이 PP 대 블랙 1000개---몸통만,37,40.7,단종품,②'낱말+값,O
콤콤,3,사각원터치(소),2000,14,14,0,0,동결,,그밖,,,BFONETOUCH00001,BF사각 원터치소스컵 소 2000개,14,15.4,판매중,②이름,O
콤콤,3,사각원터치(소),2000,14,14,0,0,동결,,그밖,,,BFONETOUCH00002,BF사각 원터치소스컵 대 1600개,24.5,27,판매중,②이름,
콤콤,3,사각원터치(대),1600,24.5,24.5,0,0,동결,,그밖,,,BFONETOUCH00002,BF사각 원터치소스컵 대 1600개,24.5,27,판매중,②'낱말+값,O
콤콤,3,3칸찬용기,1200,21,21,0,0,동결,셋40,,,,,,,,,✖ 못 찾음,
콤콤,3,4칸찬용기,1200,21,21,0,0,동결,셋40,,,,,,,,,✖ 못 찾음,
콤콤,3,"3,4칸찬용기뚜껑",1200,19,19,0,0,동결,,,,,,,,,,✖ 못 찾음,
콤콤,3,12144 용기,600,41,42,1,2.4,,,그밖,,,BF1915SL00001-1,BF 실링 19153-5A 화이트 900개,41,45.1,판매중,③값만(약함),O
콤콤,3,12144 용기,600,41,42,1,2.4,,,그밖,,,BF1915SL00001-2,JT 실링 19153-4A 화이트 900개,41,45.1,판매중,③값만(약함),O
콤콤,3,12144 용기,600,41,42,1,2.4,,,그밖,,,BF1915SL10001-1,BF 실링 19153-5A 블랙 900개,41,45.1,판매중,③값만(약함),O
콤콤,3,12144 뚜껑,600,26,27,1,3.8,,,,,,,,,,,✖ 못 찾음,
콤콤,3,하트2칸용기/PET,1000,17,17,0,0,동결,셋32.5,,,,,,,,,✖ 못 찾음,
콤콤,3,하트2칸뚜껑/PET,1000,15.5,15.5,0,0,동결,,,,,,,,,,✖ 못 찾음,
콤콤,3,"신4,5,6칸 용기(도시락)",400,85,87,2,2.4,,셋142,몸통,,,FPJUG00012,BF 죽용기 특대 500개---몸통만,85,93.5,판매중,③값만(약함),O
콤콤,3,"신4,5,6칸 뚜껑",400,55,55,0,0,동결,,몸통,,,BFBJUG00010,BF 신형 550 원형반죽 백색 800개 ---몸통만,55,60.5,판매중,③값만(약함),O
콤콤,3,"신4,5,6칸 뚜껑",400,55,55,0,0,동결,,몸통,,,BFBJUGB0010,BF 신형 550 원형반죽 블랙 800개 ---몸통만,55,60.5,판매중,③값만(약함),O
콤콤,3,8909돈가스세트,200set,151,153,2,1.3,,뚜껑60,세트,,,BF5B00001,BF 8909 돈까스도시락 200 SET,151,166.1,판매중,②'낱말+값,O
콤콤,3,205용기,600,42,42,0,0,동결,,,,,,,,,,✖ 못 찾음,
콤콤,3,206용기,600,42,42,0,0,동결,,,,,,,,,,✖ 못 찾음,
콤콤,3,"205,206뚜껑",600,37,37,0,0,동결,,뚜껑,"205,206뚜껑",0000007112,JHSL2050005,JH 샐러드 205 206 공용 600개----뚜껑만,37,40.7,판매중,①배운짝+단가확인,O
콤콤,3,신원형반죽150및3칸,800,37,37,0,0,동결,,몸통,,,BFBJUG00006,BF 신형 150 원형반죽 백색 800개 ---몸통만,37,40.7,판매중,②'낱말+값,O
콤콤,3,신원형반죽150및3칸,800,37,37,0,0,동결,,몸통,,,BFBJUGB0006,BF 신형 150 원형반죽 블랙 800개 ---몸통만,37,40.7,판매중,②'낱말+값,O
콤콤,3,신원형반죽250,800,42,42,0,0,동결,,몸통,,,BFBJUG00007,BF 신형 250 원형반죽 백색 800개 ---몸통만,42,46.2,판매중,②'낱말+값,O
콤콤,3,신원형반죽250,800,42,42,0,0,동결,,몸통,,,BFBJUGB0007,BF 신형 250 원형반죽 블랙 800개 ---몸통만,42,46.2,판매중,②'낱말+값,O
콤콤,3,신원형반죽350,800,47,47,0,0,동결,,몸통,,,BFBJUG00008,BF 신형 350 원형반죽 백색 800개 ---몸통만,47,51.7,판매중,②'낱말+값,O
콤콤,3,신원형반죽350,800,47,47,0,0,동결,,몸통,,,BFBJUGB0008,BF 신형 350 원형반죽 블랙 800개 ---몸통만,47,51.7,판매중,②'낱말+값,O
콤콤,3,신원형반죽450,800,51,51,0,0,동결,,몸통,,,BFBJUG00009,BF 신형 450 원형반죽 백색 800개 ---몸통만,51,56.1,판매중,②'낱말+값,O
콤콤,3,신원형반죽450,800,51,51,0,0,동결,,몸통,,,BFBJUGB0009,BF 신형 450 원형반죽 블랙 800개 ---몸통만,51,56.1,판매중,②'낱말+값,O
콤콤,3,신원형반죽550,800,55,55,0,0,동결,,몸통,,,BFBJUG00010,BF 신형 550 원형반죽 백색 800개 ---몸통만,55,60.5,판매중,②'낱말+값,O
콤콤,3,신원형반죽550,800,55,55,0,0,동결,,몸통,,,BFBJUGB0010,BF 신형 550 원형반죽 블랙 800개 ---몸통만,55,60.5,판매중,②'낱말+값,O
콤콤,3,신원형반죽뚜껑,800,28,28,0,0,동결,,뚜껑,,,BFBJUG00011,BF 신형 원형반죽 800---뚜껑만,28,30.8,판매중,③값만(약함),O
콤콤,3,130파이뚜껑(종이컵뚜껑),1000,24.5,25.5,1,4.1,,,그밖,,,BFONETOUCH00002,BF사각 원터치소스컵 대 1600개,24.5,27,판매중,③값만(약함),O
콤콤,4,밀폐죽(소),,57,58,1,1.8,,,몸통,FP밀폐죽소/원색,0000005746,FPJUG00009,BF 죽용기 소 500개---몸통만,57,62.7,판매중,①배운짝+단가확인,O
콤콤,4,"밀폐죽소-3칸,4칸",,63,64,1,1.6,,,몸통,,,FPJUG90009,BF 죽용기 소-3칸 500개---몸통만,63,69.3,품절임박,③값만(약함),O
콤콤,4,"밀폐죽소-3칸,4칸",,63,64,1,1.6,,,몸통,,,FPJUG90010,BF 죽용기 소-4칸 500개---몸통만,63,69.3,품절임박,③값만(약함),O
콤콤,4,밀폐죽(중),,66,67,1,1.5,,,몸통,FP밀폐죽중/원색,0000005747,FPJUG00010,BF 죽용기 중 500개---몸통만,66,72.6,판매중,①배운짝+단가확인,O
콤콤,4,밀폐죽(대),,76,77,1,1.3,,,몸통,FP밀폐죽대/원색,0000005748,FPJUG00011,BF 죽용기 대 500개---몸통만,76,83.6,판매중,①배운짝+단가확인,O
콤콤,4,밀폐죽(특대),,85,86,1,1.2,,,몸통,FP밀폐죽특대/원색,0000005749,FPJUG00012,BF 죽용기 특대 500개---몸통만,85,93.5,판매중,①배운짝+단가확인,O
콤콤,4,밀폐죽뚜껑,,46,47,1,2.2,,,뚜껑,FP밀폐죽뚜껑/원색,0000005750,FPJUG00013,BF 죽용기 공용 500개---뚜껑만,46,50.6,판매중,①배운짝+단가확인,O
콤콤,4,225파이탕(특소),,118,118,0,0,동결,,,,,,,,,,✖ 못 찾음,
콤콤,4,225파이탕(소),,114,114,0,0,동결,,몸통,,,BFTANG30001,BF 225파이 감자탕 소 200개---몸통만,114,125.4,판매중,②'낱말+값,O
콤콤,4,225파이탕(소),,114,114,0,0,동결,,몸통,,,BFTANGB30001,BF 225파이 감자탕 소 블랙200개---몸통만,114,125.4,판매중,②'낱말+값,O
콤콤,4,225파이탕(중),,128,128,0,0,동결,,몸통,,,BFTANG30002,BF 225파이 감자탕 중 200개---몸통만,128,140.8,판매중,②'낱말+값,O
콤콤,4,225파이탕(중),,128,128,0,0,동결,,몸통,,,BFTANGB30002,BF 225파이 감자탕 중 블랙200개---몸통만,128,140.8,판매중,②'낱말+값,O
콤콤,4,225파이탕(대),,146,146,0,0,동결,,몸통,,,BFTANG30003,BF 225파이 감자탕 대 200개---몸통만,146,160.6,품절,②'낱말+값,O
콤콤,4,225파이탕(대),,146,146,0,0,동결,,몸통,,,BFTANGB30003,BF 225파이 감자탕 대 블랙200개---몸통만,146,160.6,판매중,②'낱말+값,O
콤콤,4,225파이탕뚜껑,,69,69,0,0,동결,,뚜껑,,,MAJHG0022,JH/BF 225파이 감자탕 공용 200개---뚜껑만,69,75.9,판매중,②'낱말+값,O
콤콤,4,220파이탕(소),,105,107,2,1.9,,,몸통,,,FP220TANG0014,BF 220파이 감자탕 소 백색 200개---몸통만,105,115.5,판매중,②'낱말+값,O
콤콤,4,220파이탕(소),,105,107,2,1.9,,,몸통,,,FP220TANGB0001,BF 220파이 감자탕 소 블랙 200개---몸통만,105,115.5,판매중,②'낱말+값,O
콤콤,4,220파이탕(중),,125,128,3,2.4,,,몸통,,,FP220TANG0015,BF 220파이 감자탕 중 백색 200개---몸통만,125,137.5,판매중,②'낱말+값,O
콤콤,4,220파이탕(중),,125,128,3,2.4,,,몸통,,,FP220TANGB0002,BF 220파이 감자탕 중 블랙 200개---몸통만,125,137.5,판매중,②'낱말+값,O
콤콤,4,220파이탕(대),,140,142,2,1.4,,,몸통,,,FP220TANG0016,BF 220파이 감자탕 대 백색 200개---몸통만,140,154,판매중,②'낱말+값,O
콤콤,4,220파이탕(대),,140,142,2,1.4,,,몸통,,,FP220TANGB0003,BF 220파이 감자탕 대 블랙 200개---몸통만,140,154,판매중,②'낱말+값,O
콤콤,4,220파이탕뚜껑,,65,66,1,1.5,,,뚜껑,,,FP220TANG0020,BF 220파이 감자탕 공용 200개---뚜껑만,65,71.5,판매중,②'낱말+값,O
콤콤,4,210파이탕소,200,122,122,0,0,동결,,,,,,,,,,✖ 못 찾음,
콤콤,4,210파이탕중,200,143,143,0,0,동결,,,,,,,,,,✖ 못 찾음,
콤콤,4,210파이탕대,200,158,158,0,0,동결,,,,,,,,,,✖ 못 찾음,
콤콤,4,210파이탕뚜껑,200,72,72,0,0,동결,,,,,,,,,,✖ 못 찾음,
콤콤,4,125파이빙수소(520),1000,45,45,0,0,동결,,그밖,,,JH1915SL00011,CC 신 1915 전용뚜껑 900개,45,49.5,판매중,③값만(약함),O
콤콤,4,125파이빙수대(750),1000,50,50,0,0,동결,,,,,,,,,,✖ 못 찾음,
콤콤,4,125파이빙수뚜껑,1000,26,26,0,0,동결,,,,,,,,,,✖ 못 찾음,
콤콤,4,G냉면(소),,71,73,2,2.8,,셋122,그밖,G냉면소셋/백색(200set),0000006670,JHNMSET0001,CC 195파이 면 (구냉면) 소 백색 200set,119,130.9,판매중,①배운짝,
콤콤,4,G냉면(소),,71,73,2,2.8,,셋122,그밖,G냉면소셋/검정(200set),0000006673,JHNMSETB0001,CC 195파이 면 (구냉면) 소 블랙 200set,119,130.9,판매중,①배운짝,
콤콤,4,G냉면(대),,81,84,3,3.7,,셋133,그밖,G냉면대셋/백색(200set),0000006679,JHNMSET0002,CC 195파이 면 (구냉면) 대 백색 200set,136,149.6,판매중,①배운짝,
콤콤,4,G냉면뚜껑,,48,49,1,2.1,,,,,,,,,,,✖ 못 찾음,
콤콤,4,냉면(소),,71,73,2,2.8,,,몸통,FP냉면소/백색/400,0000005715,FPNMTANG00009,BF 195파이 냉면 소 백색 400개----몸통만,71,78.1,판매중,①배운짝+단가확인,O
콤콤,4,냉면(소),,71,73,2,2.8,,,그밖,G냉면소셋/백색(200set),0000006670,JHNMSET0001,CC 195파이 면 (구냉면) 소 백색 200set,119,130.9,판매중,①배운짝+단가확인,
콤콤,4,냉면(소),,71,73,2,2.8,,,그밖,G냉면소셋/검정(200set),0000006673,JHNMSETB0001,CC 195파이 면 (구냉면) 소 블랙 200set,119,130.9,판매중,①배운짝+단가확인,
콤콤,4,냉면(대),,81,84,3,3.7,,,그밖,G냉면대셋/백색(200set),0000006679,JHNMSET0002,CC 195파이 면 (구냉면) 대 백색 200set,136,149.6,판매중,①배운짝,
콤콤,4,냉면뚜껑,,47,48,1,2.1,,,뚜껑,FP냉면뚜껑/400,0000005717,FPNMTANG00013,BF 195파이 냉면 (JH 냉면 ) 공용 400개----뚜껑만,47,51.7,판매중,①배운짝+단가확인,O
콤콤,4,미니탕용기(소),200,88,90,2,2.3,,,,,,,,,,,✖ 못 찾음,
콤콤,4,미니탕용기(소)투톤,200,97,103,6,6.2,,,,,,,,,,,✖ 못 찾음,
콤콤,4,미니탕용기(대),200,88,90,2,2.3,,,,,,,,,,,✖ 못 찾음,
콤콤,4,미니탕용기(대)투톤,200,97,103,6,6.2,,,,,,,,,,,✖ 못 찾음,
콤콤,4,미니탕뚜껑,200,50,51,1,2,,,,,,,,,,,✖ 못 찾음,
콤콤,4,CC면용기(소),300,71,72,1,1.4,,셋118,몸통,,,FPNMTANG00009,BF 195파이 냉면 소 백색 400개----몸통만,71,78.1,판매중,③값만(약함),O
콤콤,4,CC면용기(대),300,81,83,2,2.5,,셋129,몸통,,,FPNMTANG00010,BF 195파이 냉면 대 백색 400개----몸통만,81,89.1,판매중,③값만(약함),O
콤콤,4,CC면뚜껑,300,45,46,1,2.2,,,그밖,,,JH1915SL00011,CC 신 1915 전용뚜껑 900개,45,49.5,판매중,③값만(약함),O